lesson_month,role_category,role_subcategory,headcount_registered,headcount_active,headcount_with_lead,headcount_sample_ge30,shift_registered,shift_registered_past,shift_registered_future,shift_confirmed,shift_attended,shift_attended_planner_role,shift_attended_with_lead,shift_min_guarantee,shift_jiai_cancel,shift_absent,shift_unresolved_past,shift_priority_attended,participants_all,participants_lead,dup_participant_rows_removed,lead_1on1,lead_gc,assist_gc,lounge,same_day_gross_lead,later_gross_lead,gross_lead,coolingoff_lead,valid_lead,same_day_valid_lead,later_valid_lead,trial_membership_lead,gross_assist,valid_assist,coolingoff_assist,gross_all,valid_all,coolingoff_all,weighted_valid,weighted_vcv,vcv_sum_lead,shift_fee_yen,shift_fee_planner_base_yen,shift_fee_leader_facil_support_yen,shift_fee_min_guarantee_yen,incentive_yen_payable_ref,incentive_yen_paid,incentive_yen_paid_lead,incentive_yen_paid_assist,entrance_fee_valid_lead,plan_amount_valid_lead,first_month_revenue_valid_lead,lead_subsidy_target,lead_valid_subsidy_target,lead_difficulty_4_5_6,lead_valid_difficulty_4_5_6,lead_utm_other,lead_valid_utm_other,valid_rate_n,valid_rate_min,valid_rate_p25,valid_rate_median,valid_rate_p75,valid_rate_max,shifts_n,shifts_min,shifts_p25,shifts_median,shifts_p75,shifts_max,valid_cnt_n,valid_cnt_min,valid_cnt_p25,valid_cnt_median,valid_cnt_p75,valid_cnt_max,valid_per_lead_shift_n,valid_per_lead_shift_min,valid_per_lead_shift_p25,valid_per_lead_shift_median,valid_per_lead_shift_p75,valid_per_lead_shift_max,reward_n,reward_min,reward_p25,reward_median,reward_p75,reward_max,participants_lead_n,participants_lead_min,participants_lead_p25,participants_lead_median,participants_lead_p75,participants_lead_max,coolingoff_rate_n,coolingoff_rate_min,coolingoff_rate_p25,coolingoff_rate_median,coolingoff_rate_p75,coolingoff_rate_max,same_day_rate_lead,gross_rate_lead,coolingoff_rate_lead,valid_rate_lead,valid_rate_all,cancel_rate_shift,jiai_rate_shift,total_reward_yen,valid_per_shift_all,valid_per_lead_shift,valid_per_100_lead_shift,participants_per_lead_shift,reward_per_valid_yen,valid_per_reward_1man_yen,first_month_revenue_per_reward,entrance_fee_per_reward,weighted_vcv_achievement,subsidy_valid_rate_lead,difficulty456_valid_rate_lead,utm_other_valid_rate_lead,shifts_per_active_planner,valid_per_active_planner,reward_per_active_planner
2026-01,CP,CP,90,90,89,1,1621.0,1621.0,0.0,1493.0,1255.0,1011.0,706.0,225.0,128.0,13.0,0.0,666.0,1077.0,707.0,107.0,494.0,213.0,214.0,153.0,227.0,26.0,253.0,52.0,201.0,176.0,25.0,23.0,82.0,61.0,21.0,344.0,268.0,76.0,204.0,201.5449201377842,200.55991039895036,4258000.0,2527500.0,1393000.0,337500.0,964800.0,964800.0,686100.0,253000.0,29331640.0,48572840.0,77904480.0,463.0,164.0,579.0,113.0,531.0,194.0,89,0.0,0.125,0.26666666666666666,0.375,0.75,89,1.0,8.0,10.0,17.0,51.0,89,0.0,1.0,2.0,3.0,15.0,89,0.0,0.125,0.26666666666666666,0.375,0.75,89,2500.0,28500.0,35500.0,61700.0,335000.0,89,1.0,4.0,7.0,9.0,40.0,76,0.0,0.0,0.0,0.35,1.0,0.32107496463932106,0.3578500707213578,0.20553359683794467,0.2842998585572843,0.2488393686165274,0.08698334361505243,0.07896360271437385,5222800.0,0.1601593625498008,0.2847025495750708,28.47025495750708,1.001416430594901,25984.079601990048,0.3848510377575247,14.916228842766332,5.616075668223941,1.012181303604861,0.3542116630669546,0.19516407599309155,0.3653483992467043,13.944444444444445,2.2333333333333334,58031.11111111111
2026-01,EP,EP,23,23,23,14,1044.0,1044.0,0.0,1040.0,974.0,761.0,710.0,55.0,4.0,11.0,0.0,571.0,771.0,714.0,205.0,653.0,61.0,49.0,8.0,290.0,20.0,310.0,68.0,242.0,226.0,16.0,16.0,15.0,11.0,4.0,325.0,253.0,72.0,238.7,230.42136577874837,232.3967351990908,3446000.0,3044000.0,319500.0,82500.0,951800.0,951800.0,908100.0,43700.0,35621300.0,62527740.0,98149040.0,582.0,216.0,630.0,190.0,629.0,236.0,23,0.14285714285714285,0.19090909090909092,0.3333333333333333,0.39009661835748793,0.5,23,7.0,28.0,36.0,55.0,110.0,23,1.0,6.0,11.0,15.0,23.0,23,0.14285714285714285,0.19090909090909092,0.3333333333333333,0.39009661835748793,0.5,23,33200.0,122150.0,191300.0,243050.0,378500.0,23,7.0,21.5,33.0,37.0,54.0,23,0.0,0.15833333333333333,0.21428571428571427,0.31666666666666665,0.6666666666666666,0.4061624649859944,0.4341736694677871,0.21935483870967742,0.3389355742296919,0.32814526588845655,0.014367816091954023,0.0038314176245210726,4397800.0,0.24845995893223818,0.3408450704225352,34.08450704225352,1.0056338028169014,18172.727272727272,0.5502751375687844,22.31775887943972,8.099799899949975,1.035928240392433,0.3711340206185567,0.30158730158730157,0.3751987281399046,42.34782608695652,10.521739130434783,191208.69565217392
2026-01,SE,SE(SE),13,13,13,10,549.0,549.0,0.0,549.0,548.0,547.0,477.0,0.0,0.0,0.0,1.0,294.0,549.0,477.0,1.0,399.0,78.0,71.0,0.0,188.0,35.0,223.0,52.0,171.0,140.0,31.0,15.0,33.0,25.0,8.0,256.0,196.0,60.0,168.29999999999998,153.84905783405128,154.49377094938492,0.0,0.0,0.0,0.0,747800.0,0.0,0.0,0.0,25281160.0,46619860.0,71901020.0,361.0,147.0,428.0,135.0,407.0,163.0,13,0.0,0.30612244897959184,0.3469387755102041,0.391304347826087,0.4489795918367347,13,3.0,46.0,50.0,51.0,52.0,13,0.0,7.0,16.0,18.0,22.0,13,0.0,0.30612244897959184,0.3469387755102041,0.391304347826087,0.4489795918367347,13,0.0,0.0,0.0,0.0,0.0,13,3.0,31.0,45.0,49.0,50.0,12,0.10526315789473684,0.20471014492753623,0.22875816993464052,0.2589285714285714,0.5,0.3941299790356394,0.46750524109014674,0.23318385650224216,0.3584905660377358,0.3570127504553734,0.0,0.0,0.0,0.31204379562043794,0.3584905660377358,35.84905660377358,1.0,0.0,,,,1.0939293510756247,0.407202216066482,0.31542056074766356,0.4004914004914005,42.15384615384615,13.153846153846153,0.0
2026-01,SE,SE(SE_onboarding),5,5,5,2,158.0,158.0,0.0,158.0,157.0,155.0,111.0,0.0,0.0,1.0,0.0,79.0,154.0,111.0,0.0,84.0,27.0,43.0,0.0,40.0,5.0,45.0,8.0,37.0,33.0,4.0,2.0,16.0,15.0,1.0,61.0,52.0,9.0,39.7,32.07154159975769,30.589953524061606,0.0,0.0,0.0,0.0,191300.0,0.0,0.0,0.0,5371360.0,8391300.0,13762660.0,64.0,24.0,91.0,23.0,75.0,32.0,5,0.0,0.25,0.2962962962962963,0.3,0.45714285714285713,5,6.0,10.0,45.0,48.0,48.0,5,0.0,1.0,8.0,12.0,16.0,5,0.0,0.25,0.2962962962962963,0.3,0.45714285714285713,5,0.0,0.0,0.0,0.0,0.0,5,4.0,5.0,27.0,35.0,40.0,4,0.0,0.08333333333333333,0.12698412698412698,0.16666666666666666,0.23809523809523808,0.36036036036036034,0.40540540540540543,0.17777777777777778,0.3333333333333333,0.33766233766233766,0.006329113924050633,0.0,0.0,0.2356687898089172,0.3333333333333333,33.33333333333333,1.0,0.0,,,,1.2378575528249616,0.375,0.25274725274725274,0.4266666666666667,31.4,7.4,0.0
2026-01,その他,その他_CMM(拠点),2,2,2,0,72.0,72.0,0.0,72.0,21.0,9.0,17.0,0.0,0.0,0.0,51.0,14.0,24.0,21.0,0.0,17.0,4.0,3.0,0.0,10.0,0.0,10.0,3.0,7.0,7.0,0.0,1.0,2.0,2.0,0.0,12.0,9.0,3.0,7.0,5.195733600410907,5.276587322320093,0.0,0.0,0.0,0.0,31600.0,0.0,0.0,0.0,1050800.0,2286000.0,3336800.0,19.0,7.0,17.0,4.0,20.0,7.0,2,0.25,0.28365384615384615,0.3173076923076923,0.3509615384615385,0.38461538461538464,2,10.0,10.25,10.5,10.75,11.0,2,2.0,2.75,3.5,4.25,5.0,2,0.2857142857142857,0.3392857142857143,0.39285714285714285,0.4464285714285714,0.5,2,0.0,0.0,0.0,0.0,0.0,2,8.0,9.25,10.5,11.75,13.0,2,0.2857142857142857,0.2976190476190476,0.30952380952380953,0.3214285714285714,0.3333333333333333,0.47619047619047616,0.47619047619047616,0.3,0.3333333333333333,0.375,0.0,0.0,0.0,0.3333333333333333,0.4117647058823529,41.17647058823529,1.2352941176470589,0.0,,,,1.3472592204200773,0.3684210526315789,0.23529411764705882,0.35,10.5,3.5,0.0
2026-01,その他,その他_other,9,9,7,1,148.0,148.0,0.0,147.0,115.0,28.0,71.0,1.0,1.0,1.0,30.0,75.0,102.0,95.0,1.0,93.0,2.0,5.0,0.0,29.0,5.0,34.0,10.0,24.0,20.0,4.0,7.0,3.0,2.0,1.0,37.0,26.0,11.0,24.3,27.36969080878378,27.135352365728394,0.0,0.0,0.0,0.0,94700.0,0.0,0.0,0.0,3522360.0,5646280.0,9168640.0,63.0,20.0,78.0,16.0,92.0,24.0,7,0.0,0.06666666666666667,0.23076923076923078,0.2846153846153846,1.0,7,1.0,4.0,13.0,24.0,34.0,7,0.0,1.0,3.0,5.0,9.0,7,0.0,0.09090909090909091,0.3,0.35671936758893286,1.0,7,0.0,0.0,0.0,0.0,0.0,7,1.0,2.0,10.0,20.5,39.0,5,0.0,0.18181818181818182,0.2222222222222222,0.4,0.6666666666666666,0.30526315789473685,0.35789473684210527,0.29411764705882354,0.25263157894736843,0.2549019607843137,0.013513513513513514,0.006756756756756757,0.0,0.20869565217391303,0.3380281690140845,33.80281690140845,1.3380281690140845,0.0,,,,0.8878434239454901,0.31746031746031744,0.20512820512820512,0.2608695652173913,12.777777777777779,2.6666666666666665,0.0
2026-01,その他,その他_社員等(メタなし/未設定),1,1,0,0,32.0,32.0,0.0,32.0,32.0,0.0,0.0,0.0,0.0,0.0,0.0,24.0,0.0,0.0,0.0,0.0,0.0,0.0,0.0,0.0,0.0,0.0,0.0,0.0,0.0,0.0,0.0,0.0,0.0,0.0,0.0,0.0,0.0,0.0,0.0,0.0,0.0,0.0,0.0,0.0,0.0,0.0,0.0,0.0,0.0,0.0,0.0,0.0,0.0,0.0,0.0,0.0,0.0,0,,,,,,0,,,,,,0,,,,,,0,,,,,,0,,,,,,0,,,,,,0,,,,,,,,,,,0.0,0.0,0.0,0.0,,,,,,,,,,,,32.0,0.0,0.0
2026-02,CP,CP,91,91,89,2,1829.0,1829.0,0.0,1699.0,1402.0,1108.0,794.0,281.0,130.0,16.0,0.0,737.0,1250.0,796.0,196.0,566.0,230.0,211.0,234.0,233.0,19.0,252.0,64.0,188.0,172.0,16.0,29.0,81.0,53.0,28.0,338.0,245.0,93.0,187.10000000000002,209.292178247396,209.66202257949217,4729000.0,2770000.0,1537500.0,421500.0,923200.0,923200.0,694200.0,210300.0,27345480.0,41525700.0,68871180.0,486.0,131.0,692.0,131.0,552.0,169.0,89,0.0,0.0,0.2222222222222222,0.3333333333333333,1.0,89,2.0,9.0,11.0,19.0,75.0,89,0.0,0.0,1.0,3.0,21.0,89,0.0,0.0,0.2222222222222222,0.3333333333333333,1.0,89,5000.0,27700.0,40700.0,68000.0,385400.0,89,1.0,5.0,8.0,10.0,53.0,71,0.0,0.0,0.2222222222222222,0.41428571428571426,1.0,0.292713567839196,0.3165829145728643,0.25396825396825395,0.23618090452261306,0.196,0.07982504100601422,0.07107709130672499,5652200.0,0.1340941512125535,0.2367758186397985,23.67758186397985,1.0025188916876575,30064.893617021276,0.33261384947454087,12.184844839177666,4.838024132196313,0.8939655631986233,0.26954732510288065,0.1893063583815029,0.3061594202898551,15.406593406593407,2.065934065934066,62112.08791208791
2026-02,EP,EP,24,22,21,12,878.0,878.0,0.0,871.0,792.0,630.0,595.0,67.0,7.0,11.0,1.0,472.0,634.0,596.0,153.0,556.0,40.0,36.0,2.0,222.0,21.0,243.0,67.0,176.0,161.0,15.0,23.0,13.0,10.0,3.0,256.0,186.0,70.0,174.8,180.8354979373403,182.17468764041433,2863500.0,2520000.0,243000.0,100500.0,731800.0,731800.0,694600.0,37200.0,25968160.0,47926400.0,73894560.0,478.0,158.0,555.0,154.0,501.0,164.0,21,0.14285714285714285,0.2692307692307692,0.3076923076923077,0.3333333333333333,0.55,21,11.0,26.0,36.0,48.0,86.0,21,1.0,7.0,8.0,12.0,15.0,21,0.14285714285714285,0.27450980392156865,0.3076923076923077,0.3333333333333333,0.55,21,36500.0,131700.0,172700.0,212400.0,326100.0,21,3.0,24.0,30.0,34.0,52.0,21,0.0,0.2,0.23076923076923078,0.35,0.5,0.3724832214765101,0.4077181208053691,0.2757201646090535,0.2953020134228188,0.29337539432176657,0.02050113895216401,0.007972665148063782,3595300.0,0.2222222222222222,0.2957983193277311,29.57983193277311,1.0016806722689076,20427.840909090908,0.48952799488220733,20.55309988039941,7.222807554307012,0.9666243740516499,0.3305439330543933,0.2774774774774775,0.3273453093812375,36.0,8.0,163422.72727272726
2026-02,SE,SE(SE),14,14,14,14,602.0,602.0,0.0,602.0,600.0,597.0,578.0,0.0,0.0,0.0,2.0,342.0,600.0,580.0,2.0,572.0,8.0,20.0,0.0,214.0,32.0,246.0,57.0,189.0,164.0,25.0,20.0,5.0,4.0,1.0,251.0,193.0,58.0,189.0,184.31355754537395,183.45560112943514,0.0,0.0,0.0,0.0,738500.0,0.0,0.0,0.0,27881200.0,50246340.0,78127540.0,450.0,161.0,516.0,145.0,492.0,179.0,14,0.11627906976744186,0.2515151515151515,0.30487012987012985,0.39880952380952384,0.6097560975609756,14,35.0,41.25,44.0,45.0,48.0,14,5.0,10.25,12.5,16.75,25.0,14,0.11627906976744186,0.2515151515151515,0.30487012987012985,0.4011324041811847,0.6097560975609756,14,0.0,0.0,0.0,0.0,0.0,14,35.0,41.0,42.0,43.75,45.0,14,0.05,0.11160714285714285,0.23333333333333334,0.3269230769230769,0.5454545454545454,0.3689655172413793,0.4241379310344828,0.23170731707317074,0.3258620689655172,0.32166666666666666,0.0,0.0,0.0,0.315,0.32698961937716264,32.69896193771626,1.0034602076124568,0.0,,,,1.0254264662732275,0.35777777777777775,0.2810077519379845,0.3638211382113821,42.857142857142854,13.5,0.0
2026-02,SE,SE(SE_onboarding),1,1,1,1,46.0,46.0,0.0,46.0,46.0,46.0,36.0,0.0,0.0,0.0,0.0,31.0,46.0,36.0,0.0,28.0,8.0,10.0,0.0,6.0,0.0,6.0,1.0,5.0,5.0,0.0,0.0,4.0,3.0,1.0,10.0,8.0,2.0,5.6,10.220160567144207,10.146575705511388,0.0,0.0,0.0,0.0,27500.0,0.0,0.0,0.0,725000.0,1288000.0,2013000.0,20.0,5.0,25.0,0.0,21.0,5.0,1,0.1388888888888889,0.1388888888888889,0.1388888888888889,0.1388888888888889,0.1388888888888889,1,46.0,46.0,46.0,46.0,46.0,1,5.0,5.0,5.0,5.0,5.0,1,0.1388888888888889,0.1388888888888889,0.1388888888888889,0.1388888888888889,0.1388888888888889,1,0.0,0.0,0.0,0.0,0.0,1,36.0,36.0,36.0,36.0,36.0,1,0.16666666666666666,0.16666666666666666,0.16666666666666666,0.16666666666666666,0.16666666666666666,0.16666666666666666,0.16666666666666666,0.16666666666666666,0.1388888888888889,0.17391304347826086,0.0,0.0,0.0,0.10869565217391304,0.1388888888888889,13.88888888888889,1.0,0.0,,,,0.5479365968087518,0.25,0.0,0.23809523809523808,46.0,5.0,0.0
2026-02,その他,その他_CMM(拠点),2,2,2,0,75.0,75.0,0.0,75.0,27.0,11.0,23.0,0.0,0.0,0.0,48.0,15.0,33.0,29.0,0.0,24.0,5.0,4.0,0.0,9.0,2.0,11.0,2.0,9.0,8.0,1.0,1.0,1.0,0.0,1.0,12.0,9.0,3.0,8.4,8.255581283942517,8.313781023255343,0.0,0.0,0.0,0.0,37800.0,0.0,0.0,0.0,1376200.0,2704000.0,4080200.0,20.0,8.0,28.0,9.0,27.0,8.0,2,0.2857142857142857,0.2976190476190476,0.30952380952380953,0.3214285714285714,0.3333333333333333,2,13.0,13.25,13.5,13.75,14.0,2,4.0,4.25,4.5,4.75,5.0,2,0.36363636363636365,0.3768939393939394,0.39015151515151514,0.40340909090909094,0.4166666666666667,2,0.0,0.0,0.0,0.0,0.0,2,14.0,14.25,14.5,14.75,15.0,2,0.16666666666666666,0.175,0.18333333333333335,0.19166666666666668,0.2,0.3103448275862069,0.3793103448275862,0.18181818181818182,0.3103448275862069,0.2727272727272727,0.0,0.0,0.0,0.3333333333333333,0.391304347826087,39.130434782608695,1.2608695652173914,0.0,,,,1.0174934642504683,0.4,0.32142857142857145,0.2962962962962963,13.5,4.5,0.0
2026-02,その他,その他_other,10,10,9,0,116.0,116.0,0.0,115.0,100.0,41.0,66.0,0.0,1.0,0.0,15.0,67.0,90.0,77.0,0.0,75.0,2.0,12.0,0.0,33.0,2.0,35.0,10.0,25.0,23.0,2.0,2.0,7.0,7.0,0.0,42.0,32.0,10.0,27.1,26.56089906229368,25.725206565382315,0.0,0.0,0.0,0.0,117900.0,0.0,0.0,0.0,3699400.0,7240000.0,10939400.0,58.0,21.0,58.0,15.0,72.0,25.0,9,0.0,0.2222222222222222,0.2777777777777778,0.5,1.0,9,1.0,1.0,6.0,19.0,29.0,9,0.0,1.0,1.0,4.0,10.0,9,0.0,0.25,0.3333333333333333,0.5,1.0,9,0.0,0.0,0.0,0.0,0.0,9,1.0,1.0,5.0,16.0,24.0,9,0.0,0.0,0.16666666666666666,0.375,1.0,0.42857142857142855,0.45454545454545453,0.2857142857142857,0.3246753246753247,0.35555555555555557,0.008620689655172414,0.008620689655172414,0.0,0.25,0.3787878787878788,37.878787878787875,1.1666666666666667,0.0,,,,1.0202967880131604,0.3620689655172414,0.25862068965517243,0.3472222222222222,10.0,2.5,0.0
2026-02,その他,その他_社員等(メタなし/未設定),1,1,0,0,30.0,30.0,0.0,30.0,30.0,0.0,0.0,0.0,0.0,0.0,0.0,21.0,0.0,0.0,0.0,0.0,0.0,0.0,0.0,0.0,0.0,0.0,0.0,0.0,0.0,0.0,0.0,0.0,0.0,0.0,0.0,0.0,0.0,0.0,0.0,0.0,0.0,0.0,0.0,0.0,0.0,0.0,0.0,0.0,0.0,0.0,0.0,0.0,0.0,0.0,0.0,0.0,0.0,0,,,,,,0,,,,,,0,,,,,,0,,,,,,0,,,,,,0,,,,,,0,,,,,,,,,,,0.0,0.0,0.0,0.0,,,,,,,,,,,,30.0,0.0,0.0
2026-03,CP,CP,90,88,86,1,1734.0,1734.0,0.0,1633.0,1269.0,920.0,619.0,353.0,101.0,9.0,2.0,625.0,944.0,619.0,160.0,403.0,216.0,201.0,122.0,177.0,25.0,202.0,38.0,164.0,140.0,24.0,20.0,71.0,59.0,12.0,280.0,230.0,50.0,163.4,156.0246113701173,156.8913235477727,4575500.0,2300000.0,1746000.0,529500.0,846600.0,846600.0,587100.0,232600.0,23958180.0,36923800.0,60881980.0,366.0,123.0,531.0,107.0,410.0,153.0,86,0.0,0.0875,0.2111111111111111,0.39375000000000004,1.0,86,2.0,7.0,11.5,17.0,53.0,86,0.0,1.0,1.0,2.0,16.0,86,0.0,0.0875,0.2111111111111111,0.39375000000000004,1.0,86,6500.0,27875.0,43000.0,66525.0,358200.0,86,1.0,4.0,6.0,9.0,38.0,72,0.0,0.0,0.0,0.3333333333333333,1.0,0.2859450726978998,0.3263327948303716,0.18811881188118812,0.2649434571890145,0.24364406779661016,0.06343713956170703,0.058246828143021914,5422100.0,0.12923561859732072,0.2649434571890145,26.494345718901453,1.0,33061.58536585366,0.30246583427085444,11.228487117537485,4.418616403238597,1.0472706745757374,0.3360655737704918,0.2015065913370998,0.37317073170731707,14.420454545454545,1.8636363636363635,61614.77272727273
2026-03,EP,EP,16,16,16,10,812.0,812.0,0.0,805.0,713.0,560.0,523.0,83.0,7.0,5.0,4.0,428.0,566.0,527.0,143.0,466.0,61.0,39.0,0.0,202.0,22.0,224.0,57.0,167.0,146.0,21.0,26.0,12.0,6.0,6.0,236.0,173.0,63.0,162.5,153.77039352922,156.52799211541424,2594000.0,2240000.0,229500.0,124500.0,705500.0,705500.0,680800.0,24700.0,24722720.0,45725860.0,70448580.0,418.0,146.0,498.0,152.0,464.0,160.0,16,0.0,0.2644230769230769,0.3220046082949309,0.33536585365853655,0.4375,16,1.0,35.0,45.5,60.5,69.0,16,0.0,8.5,10.0,13.25,21.0,16,0.0,0.2644230769230769,0.3220046082949309,0.3439353988134476,0.4375,16,7000.0,162825.0,202150.0,249525.0,340600.0,16,1.0,26.75,30.5,40.25,56.0,15,0.0,0.17777777777777776,0.23529411764705882,0.33384615384615385,0.4444444444444444,0.38330170777988615,0.4250474383301708,0.2544642857142857,0.31688804554079697,0.30565371024734983,0.014778325123152709,0.008620689655172414,3299500.0,0.23422159887798036,0.3193116634799235,31.931166347992352,1.0076481835564053,19757.48502994012,0.5061372935293226,21.351289589331717,7.492868616457039,1.0567703981919065,0.3492822966507177,0.30522088353413657,0.3448275862068966,44.5625,10.4375,206218.75
2026-03,SE,SE(SE),15,15,15,15,876.0,876.0,0.0,872.0,864.0,858.0,798.0,1.0,4.0,1.0,6.0,441.0,860.0,802.0,4.0,768.0,34.0,58.0,0.0,280.0,49.0,329.0,67.0,262.0,217.0,45.0,15.0,22.0,17.0,5.0,351.0,279.0,72.0,265.3,242.57032114019148,240.26654602197584,0.0,0.0,0.0,0.0,1069200.0,0.0,0.0,0.0,38600620.0,70662140.0,109262760.0,585.0,222.0,708.0,202.0,639.0,242.0,15,0.17307692307692307,0.2583333333333333,0.32727272727272727,0.4114420062695925,0.4489795918367347,15,48.0,54.5,58.0,62.0,62.0,15,9.0,15.0,18.0,22.0,24.0,15,0.17307692307692307,0.2583333333333333,0.32727272727272727,0.41363636363636364,0.4489795918367347,15,0.0,0.0,0.0,0.0,0.0,15,44.0,50.0,55.0,57.0,61.0,15,0.08333333333333333,0.1455026455026455,0.19047619047619047,0.22938530734632684,0.45,0.3491271820448878,0.4102244389027431,0.20364741641337386,0.3266832917705736,0.3244186046511628,0.005707762557077625,0.0045662100456621,0.0,0.30324074074074076,0.3283208020050125,32.83208020050125,1.005012531328321,0.0,,,,1.0937034619609218,0.37948717948717947,0.2853107344632768,0.37871674491392804,57.6,17.466666666666665,0.0
2026-03,その他,その他_CMM(拠点),2,2,2,1,111.0,111.0,0.0,111.0,59.0,14.0,52.0,0.0,0.0,0.0,52.0,35.0,64.0,61.0,0.0,59.0,2.0,3.0,0.0,27.0,5.0,32.0,4.0,28.0,24.0,4.0,2.0,2.0,2.0,0.0,34.0,30.0,4.0,28.6,19.33539686128497,19.19244546070695,0.0,0.0,0.0,0.0,117500.0,0.0,0.0,0.0,4006640.0,5702280.0,9708920.0,46.0,19.0,53.0,21.0,61.0,28.0,2,0.4230769230769231,0.43873626373626373,0.4543956043956044,0.47005494505494505,0.4857142857142857,2,23.0,26.25,29.5,32.75,36.0,2,11.0,12.5,14.0,15.5,17.0,2,0.5238095238095238,0.5299539170506913,0.5360983102918586,0.5422427035330261,0.5483870967741935,2,0.0,0.0,0.0,0.0,0.0,2,26.0,28.25,30.5,32.75,35.0,2,0.0,0.047619047619047616,0.09523809523809523,0.14285714285714285,0.19047619047619047,0.4426229508196721,0.5245901639344263,0.125,0.45901639344262296,0.46875,0.0,0.0,0.0,0.4745762711864407,0.5384615384615384,53.84615384615385,1.1730769230769231,0.0,,,,1.4791524686656643,0.41304347826086957,0.39622641509433965,0.45901639344262296,29.5,14.0,0.0
2026-03,その他,その他_generalist(社員),1,1,1,0,1.0,1.0,0.0,1.0,1.0,1.0,1.0,0.0,0.0,0.0,0.0,0.0,1.0,1.0,0.0,1.0,0.0,0.0,0.0,0.0,0.0,0.0,0.0,0.0,0.0,0.0,0.0,0.0,0.0,0.0,0.0,0.0,0.0,0.0,0.1359656751155853,0.1359656751155853,0.0,0.0,0.0,0.0,0.0,0.0,0.0,0.0,0.0,0.0,0.0,0.0,0.0,1.0,0.0,1.0,0.0,1,0.0,0.0,0.0,0.0,0.0,1,1.0,1.0,1.0,1.0,1.0,1,0.0,0.0,0.0,0.0,0.0,1,0.0,0.0,0.0,0.0,0.0,1,0.0,0.0,0.0,0.0,0.0,1,1.0,1.0,1.0,1.0,1.0,0,,,,,,0.0,0.0,,0.0,0.0,0.0,0.0,0.0,0.0,0.0,0.0,1.0,,,,,0.0,,0.0,0.0,1.0,0.0,0.0
2026-03,その他,その他_other,18,18,17,2,215.0,215.0,0.0,214.0,160.0,87.0,122.0,4.0,1.0,0.0,50.0,92.0,165.0,148.0,0.0,144.0,4.0,16.0,0.0,51.0,10.0,61.0,13.0,48.0,38.0,10.0,5.0,10.0,6.0,4.0,71.0,54.0,17.0,49.2,45.654753589491435,44.477169344435524,0.0,0.0,0.0,0.0,208800.0,0.0,0.0,0.0,7016520.0,11795560.0,18812080.0,96.0,39.0,124.0,37.0,135.0,47.0,17,0.0,0.0,0.25,0.4230769230769231,1.0,17,1.0,2.0,4.0,13.0,33.0,17,0.0,0.0,1.0,2.0,17.0,17,0.0,0.0,0.25,0.5,1.0,17,0.0,0.0,0.0,0.0,0.0,17,1.0,2.0,4.0,9.0,34.0,14,0.0,0.0,0.041666666666666664,0.369047619047619,1.0,0.34459459459459457,0.41216216216216217,0.21311475409836064,0.32432432432432434,0.32727272727272727,0.004651162790697674,0.004651162790697674,0.0,0.3,0.39344262295081966,39.34426229508197,1.2131147540983607,0.0,,,,1.0776533905403576,0.40625,0.29838709677419356,0.34814814814814815,8.88888888888889,2.6666666666666665,0.0
2026-03,その他,その他_社員等(メタなし/未設定),1,1,0,0,31.0,31.0,0.0,31.0,31.0,0.0,0.0,0.0,0.0,0.0,0.0,26.0,0.0,0.0,0.0,0.0,0.0,0.0,0.0,0.0,0.0,0.0,0.0,0.0,0.0,0.0,0.0,0.0,0.0,0.0,0.0,0.0,0.0,0.0,0.0,0.0,0.0,0.0,0.0,0.0,0.0,0.0,0.0,0.0,0.0,0.0,0.0,0.0,0.0,0.0,0.0,0.0,0.0,0,,,,,,0,,,,,,0,,,,,,0,,,,,,0,,,,,,0,,,,,,0,,,,,,,,,,,0.0,0.0,0.0,0.0,,,,,,,,,,,,31.0,0.0,0.0
2026-04,CP,CP,84,84,80,1,1686.0,1686.0,0.0,1593.0,1335.0,1022.0,720.0,233.0,93.0,21.0,4.0,646.0,1083.0,722.0,155.0,521.0,201.0,186.0,173.0,202.0,24.0,226.0,52.0,174.0,156.0,18.0,9.0,77.0,60.0,17.0,314.0,244.0,70.0,173.99999999999997,181.29956247390788,181.63391331912558,4541000.0,2555000.0,1636500.0,349500.0,940200.0,940200.0,655500.0,238200.0,25230720.0,36573400.0,61804120.0,434.0,121.0,640.0,127.0,506.0,158.0,80,0.0,0.0,0.16666666666666666,0.4,1.0,80,1.0,9.0,11.0,21.0,64.0,80,0.0,0.0,1.0,3.0,15.0,80,0.0,0.0,0.16666666666666666,0.4,1.0,80,5500.0,29150.0,43600.0,76100.0,365700.0,80,1.0,5.0,7.0,10.0,52.0,63,0.0,0.0,0.0,0.3333333333333333,1.0,0.27977839335180055,0.31301939058171746,0.23008849557522124,0.2409972299168975,0.22530009233610343,0.06761565836298933,0.05516014234875445,5481200.0,0.1303370786516854,0.24166666666666667,24.166666666666668,1.0027777777777778,31501.149425287356,0.3174487338539006,11.275654966065826,4.603137998978326,0.9597375615566726,0.27880184331797236,0.1984375,0.31225296442687744,15.892857142857142,2.0714285714285716,65252.380952380954
2026-04,EP,EP,15,15,15,10,842.0,842.0,0.0,833.0,778.0,596.0,563.0,44.0,9.0,6.0,5.0,441.0,600.0,565.0,176.0,519.0,46.0,35.0,0.0,225.0,25.0,250.0,48.0,202.0,178.0,24.0,14.0,16.0,10.0,6.0,266.0,212.0,54.0,200.20000000000002,170.30024557868015,171.7333542094566,2723000.0,2384000.0,273000.0,66000.0,820700.0,820700.0,778300.0,42400.0,29939720.0,56282580.0,86222300.0,435.0,176.0,518.0,173.0,476.0,191.0,15,0.23529411764705882,0.3003337041156841,0.34375,0.37412587412587417,0.5714285714285714,15,18.0,35.5,56.0,60.0,89.0,15,4.0,9.5,12.0,16.5,26.0,15,0.23529411764705882,0.30517241379310345,0.34375,0.3774928774928775,0.5714285714285714,15,87700.0,173350.0,226600.0,297050.0,395300.0,15,17.0,29.0,32.0,47.0,61.0,15,0.0,0.1464285714285714,0.16666666666666666,0.2403846153846154,0.29411764705882354,0.39823008849557523,0.4424778761061947,0.192,0.35752212389380533,0.35333333333333333,0.017814726840855107,0.010688836104513063,3543700.0,0.2596401028277635,0.35879218472468916,35.879218472468914,1.0035523978685612,17543.069306930694,0.5700256793746649,24.331151056805034,8.448717442221406,1.1755708238688707,0.4045977011494253,0.333976833976834,0.4012605042016807,51.86666666666667,13.466666666666667,236246.66666666666
2026-04,SE,SE(SE),15,15,15,15,810.0,810.0,0.0,809.0,804.0,802.0,763.0,0.0,1.0,2.0,3.0,396.0,803.0,766.0,2.0,746.0,20.0,37.0,0.0,290.0,62.0,352.0,65.0,287.0,234.0,53.0,11.0,15.0,14.0,1.0,367.0,301.0,66.0,288.2,238.39036975300647,237.23525736129614,0.0,0.0,0.0,0.0,1186200.0,0.0,0.0,0.0,42440340.0,80770820.0,123211160.0,604.0,254.0,716.0,250.0,660.0,267.0,15,0.2830188679245283,0.33327285921625543,0.36,0.40192307692307694,0.5434782608695652,15,44.0,52.0,55.0,56.0,57.0,15,14.0,17.0,19.0,21.0,25.0,15,0.28846153846153844,0.33647798742138363,0.36,0.4056267806267806,0.5434782608695652,15,0.0,0.0,0.0,0.0,0.0,15,40.0,50.0,52.0,53.0,55.0,15,0.08,0.1225,0.16,0.2222222222222222,0.4,0.3785900783289817,0.4595300261096606,0.1846590909090909,0.37467362924281983,0.37484433374844334,0.003703703703703704,0.0012345679012345679,0.0,0.35696517412935325,0.3761467889908257,37.61467889908257,1.0039318479685453,0.0,,,,1.2089414530402411,0.4205298013245033,0.34916201117318435,0.40454545454545454,53.6,19.133333333333333,0.0
2026-04,その他,その他_CMM(拠点),6,6,6,2,124.0,124.0,0.0,124.0,90.0,21.0,76.0,0.0,0.0,0.0,34.0,40.0,110.0,104.0,0.0,101.0,3.0,6.0,0.0,45.0,7.0,52.0,11.0,41.0,36.0,5.0,1.0,3.0,3.0,0.0,55.0,44.0,11.0,41.599999999999994,31.74827980971887,31.379494935041212,0.0,0.0,0.0,0.0,172800.0,0.0,0.0,0.0,5949860.0,9572280.0,15522140.0,71.0,30.0,92.0,33.0,104.0,41.0,6,0.0,0.29166666666666663,0.3833333333333333,0.521875,0.5714285714285714,6,9.0,10.25,11.5,20.25,25.0,6,0.0,4.0,4.0,9.25,18.0,6,0.0,0.3977272727272727,0.5357142857142857,0.5770676691729324,0.75,6,0.0,0.0,0.0,0.0,0.0,6,7.0,10.0,12.5,26.25,32.0,6,0.0,0.11346153846153847,0.24358974358974358,0.40476190476190477,1.0,0.4326923076923077,0.5,0.21153846153846154,0.3942307692307692,0.4,0.0,0.0,0.0,0.45555555555555555,0.5394736842105263,53.94736842105263,1.368421052631579,0.0,,,,1.3103072118970456,0.4225352112676056,0.358695652173913,0.3942307692307692,15.0,6.833333333333333,0.0
2026-04,その他,その他_other,15,15,14,0,154.0,154.0,0.0,154.0,109.0,45.0,87.0,0.0,0.0,0.0,45.0,45.0,121.0,115.0,0.0,109.0,6.0,6.0,0.0,40.0,4.0,44.0,7.0,37.0,33.0,4.0,1.0,3.0,3.0,0.0,47.0,40.0,7.0,37.0,34.653442375797496,34.710828414249875,0.0,0.0,0.0,0.0,147100.0,0.0,0.0,0.0,5438480.0,9214780.0,14653260.0,78.0,31.0,102.0,28.0,111.0,37.0,14,0.0,0.2548076923076923,0.4,0.5,1.0,14,1.0,2.0,3.5,11.25,23.0,14,0.0,1.0,1.0,3.75,8.0,14,0.0,0.2833333333333333,0.5,0.5803571428571429,1.0,14,0.0,0.0,0.0,0.0,0.0,14,1.0,2.0,3.0,12.5,26.0,14,0.0,0.0,0.0,0.25625,1.0,0.34782608695652173,0.3826086956521739,0.1590909090909091,0.3217391304347826,0.3305785123966942,0.0,0.0,0.0,0.3394495412844037,0.42528735632183906,42.5287356321839,1.3218390804597702,0.0,,,,1.0677149934703565,0.3974358974358974,0.27450980392156865,0.3333333333333333,7.266666666666667,2.466666666666667,0.0
2026-04,その他,その他_社員等(メタなし/未設定),3,3,1,0,37.0,37.0,0.0,37.0,36.0,6.0,3.0,0.0,0.0,0.0,1.0,31.0,4.0,3.0,0.0,3.0,0.0,1.0,0.0,1.0,0.0,1.0,0.0,1.0,1.0,0.0,0.0,0.0,0.0,0.0,1.0,1.0,0.0,1.0,0.6555483162403104,0.6147839426994322,0.0,0.0,0.0,0.0,3700.0,0.0,0.0,0.0,148000.0,322000.0,470000.0,1.0,1.0,3.0,1.0,3.0,1.0,1,0.3333333333333333,0.3333333333333333,0.3333333333333333,0.3333333333333333,0.3333333333333333,1,5.0,5.0,5.0,5.0,5.0,1,1.0,1.0,1.0,1.0,1.0,1,0.3333333333333333,0.3333333333333333,0.3333333333333333,0.3333333333333333,0.3333333333333333,1,0.0,0.0,0.0,0.0,0.0,1,3.0,3.0,3.0,3.0,3.0,1,0.0,0.0,0.0,0.0,0.0,0.3333333333333333,0.3333333333333333,0.0,0.3333333333333333,0.25,0.0,0.0,0.0,0.027777777777777776,0.3333333333333333,33.33333333333333,1.0,0.0,,,,1.5254405742892958,1.0,0.3333333333333333,0.3333333333333333,12.0,0.3333333333333333,0.0
2026-05,CP,CP,77,77,76,5,1659.0,1659.0,0.0,1582.0,1453.0,1144.0,881.0,121.0,77.0,4.0,4.0,826.0,1313.0,890.0,149.0,762.0,128.0,123.0,298.0,265.0,30.0,295.0,56.0,239.0,212.0,27.0,19.0,49.0,38.0,11.0,360.0,290.0,70.0,241.10000000000002,249.43769396729763,249.65064717642963,4740000.0,2860000.0,1698500.0,181500.0,1070800.0,1070800.0,853500.0,156600.0,34835960.0,54078900.0,88914860.0,544.0,174.0,762.0,151.0,709.0,229.0,76,0.0,0.16666666666666666,0.25,0.375,1.0,76,3.0,10.0,14.0,25.25,68.0,76,0.0,1.0,2.0,4.0,15.0,76,0.0,0.16666666666666666,0.25,0.375,1.0,76,15500.0,35425.0,47300.0,88375.0,361500.0,76,1.0,7.0,9.0,16.0,49.0,72,0.0,0.0,0.0,0.3333333333333333,1.0,0.29775280898876405,0.33146067415730335,0.18983050847457628,0.26853932584269663,0.22086824067022087,0.048824593128390596,0.046413502109704644,5810800.0,0.16448726772195457,0.27128263337116915,27.128263337116916,1.0102156640181612,24312.970711297072,0.411303090796448,15.301655537963791,5.995036827975494,0.9665740416587129,0.31985294117647056,0.19816272965879264,0.3229901269393512,18.87012987012987,3.103896103896104,75464.93506493507
2026-05,EP,EP,16,16,16,10,860.0,860.0,0.0,853.0,824.0,612.0,580.0,22.0,7.0,7.0,0.0,509.0,616.0,580.0,203.0,533.0,47.0,30.0,6.0,267.0,29.0,296.0,69.0,227.0,202.0,25.0,6.0,18.0,14.0,4.0,314.0,241.0,73.0,224.3,188.07703914643497,189.38883667142363,2824500.0,2448000.0,343500.0,33000.0,935900.0,935900.0,882200.0,53700.0,33417120.0,57499340.0,90916460.0,460.0,192.0,524.0,185.0,518.0,218.0,16,0.0,0.3292682926829268,0.37986270022883295,0.4426406926406926,0.625,16,3.0,34.0,49.5,67.5,110.0,16,0.0,9.75,15.0,20.0,23.0,16,0.0,0.3292682926829268,0.37986270022883295,0.4426406926406926,0.625,16,12000.0,190850.0,230400.0,316075.0,414100.0,16,2.0,25.75,34.0,44.75,69.0,15,0.0625,0.19696969696969696,0.23809523809523808,0.26136363636363635,0.36363636363636365,0.4603448275862069,0.5103448275862069,0.23310810810810811,0.3913793103448276,0.3912337662337662,0.01627906976744186,0.00813953488372093,3760400.0,0.27548543689320387,0.3913793103448276,39.13793103448276,1.0,16565.638766519824,0.6036591851930646,24.177337517285395,8.886586533347517,1.1925964010171501,0.41739130434782606,0.3530534351145038,0.42084942084942084,51.5,14.1875,235025.0
2026-05,SE,SE(SE),15,15,15,15,767.0,767.0,0.0,764.0,762.0,761.0,724.0,0.0,3.0,2.0,0.0,439.0,761.0,726.0,1.0,715.0,11.0,35.0,0.0,287.0,56.0,343.0,64.0,279.0,228.0,51.0,8.0,11.0,9.0,2.0,354.0,288.0,66.0,279.9,233.15248441176325,231.55222051964904,0.0,0.0,0.0,0.0,1136200.0,0.0,0.0,0.0,41324800.0,77707840.0,119032640.0,588.0,245.0,674.0,247.0,641.0,258.0,15,0.2708333333333333,0.29772727272727273,0.39215686274509803,0.4703525641025641,0.5652173913043478,15,46.0,49.0,52.0,53.0,54.0,15,13.0,14.5,18.0,23.0,26.0,15,0.28,0.29772727272727273,0.39215686274509803,0.4703525641025641,0.5652173913043478,15,0.0,0.0,0.0,0.0,0.0,15,39.0,47.0,49.0,50.5,53.0,15,0.08,0.12916666666666665,0.16666666666666666,0.2170846394984326,0.391304347826087,0.3953168044077135,0.4724517906336088,0.18658892128279883,0.384297520661157,0.37844940867279897,0.00651890482398957,0.003911342894393742,0.0,0.3661417322834646,0.38535911602209943,38.53591160220994,1.0027624309392265,0.0,,,,1.2005018977437847,0.4166666666666667,0.3664688427299703,0.40249609984399376,50.8,18.6,0.0
2026-05,その他,その他_CMM(拠点),6,6,6,4,239.0,239.0,0.0,239.0,193.0,54.0,164.0,0.0,0.0,0.0,46.0,127.0,216.0,213.0,5.0,209.0,4.0,2.0,0.0,89.0,6.0,95.0,23.0,72.0,67.0,5.0,1.0,0.0,0.0,0.0,95.0,72.0,23.0,71.7,57.660347619093955,57.73586077708751,0.0,0.0,0.0,0.0,299600.0,0.0,0.0,0.0,10432040.0,17141800.0,27573840.0,146.0,53.0,208.0,69.0,211.0,71.0,6,0.1590909090909091,0.25795755968169765,0.3663461538461539,0.43057432432432435,0.4594594594594595,6,26.0,28.25,32.0,32.75,43.0,6,7.0,7.25,12.0,16.75,17.0,6,0.2413793103448276,0.29875,0.4341935483870968,0.5620967741935483,0.64,6,0.0,0.0,0.0,0.0,0.0,6,26.0,31.0,37.0,39.25,44.0,6,0.125,0.15197368421052632,0.20938215102974828,0.35367892976588633,0.4166666666666667,0.41784037558685444,0.4460093896713615,0.24210526315789474,0.3380281690140845,0.3333333333333333,0.0,0.0,0.0,0.37305699481865284,0.43902439024390244,43.90243902439025,1.298780487804878,0.0,,,,1.243488861247463,0.363013698630137,0.3317307692307692,0.33649289099526064,32.166666666666664,12.0,0.0
2026-05,その他,その他_generalist(社員),3,2,1,0,4.0,4.0,0.0,4.0,2.0,1.0,1.0,0.0,0.0,0.0,2.0,0.0,1.0,1.0,0.0,1.0,0.0,0.0,0.0,0.0,0.0,0.0,0.0,0.0,0.0,0.0,0.0,0.0,0.0,0.0,0.0,0.0,0.0,0.0,0.2189175933599472,0.2189175933599472,0.0,0.0,0.0,0.0,0.0,0.0,0.0,0.0,0.0,0.0,0.0,1.0,0.0,1.0,0.0,1.0,0.0,1,0.0,0.0,0.0,0.0,0.0,1,1.0,1.0,1.0,1.0,1.0,1,0.0,0.0,0.0,0.0,0.0,1,0.0,0.0,0.0,0.0,0.0,1,0.0,0.0,0.0,0.0,0.0,1,1.0,1.0,1.0,1.0,1.0,0,,,,,,0.0,0.0,,0.0,0.0,0.0,0.0,0.0,0.0,0.0,0.0,1.0,,,,,0.0,0.0,0.0,0.0,1.0,0.0,0.0
2026-05,その他,その他_other,15,15,14,0,98.0,98.0,0.0,98.0,73.0,50.0,52.0,1.0,0.0,0.0,24.0,29.0,62.0,62.0,5.0,62.0,0.0,0.0,0.0,19.0,5.0,24.0,3.0,21.0,16.0,5.0,0.0,0.0,0.0,0.0,24.0,21.0,3.0,21.0,19.275024120143442,19.275024120143442,0.0,0.0,0.0,0.0,80700.0,0.0,0.0,0.0,3024280.0,4216000.0,7240280.0,33.0,13.0,52.0,17.0,54.0,21.0,14,0.0,0.0,0.2153846153846154,0.4903846153846154,1.0,14,1.0,2.25,3.5,5.0,18.0,14,0.0,0.0,1.0,2.75,6.0,14,0.0,0.0,0.29166666666666663,0.5,1.0,14,0.0,0.0,0.0,0.0,0.0,14,1.0,2.25,3.0,4.75,13.0,8,0.0,0.0,0.0,0.0625,0.25,0.3064516129032258,0.3870967741935484,0.125,0.3387096774193548,0.3387096774193548,0.0,0.0,0.0,0.2876712328767123,0.40384615384615385,40.38461538461539,1.1923076923076923,0.0,,,,1.0894928000662716,0.3939393939393939,0.3269230769230769,0.3888888888888889,4.866666666666666,1.4,0.0
2026-05,その他,その他_社員等(メタなし/未設定),2,2,0,0,31.0,31.0,0.0,31.0,31.0,0.0,0.0,0.0,0.0,0.0,0.0,26.0,0.0,0.0,0.0,0.0,0.0,0.0,0.0,0.0,0.0,0.0,0.0,0.0,0.0,0.0,0.0,0.0,0.0,0.0,0.0,0.0,0.0,0.0,0.0,0.0,0.0,0.0,0.0,0.0,0.0,0.0,0.0,0.0,0.0,0.0,0.0,0.0,0.0,0.0,0.0,0.0,0.0,0,,,,,,0,,,,,,0,,,,,,0,,,,,,0,,,,,,0,,,,,,0,,,,,,,,,,,0.0,0.0,0.0,0.0,,,,,,,,,,,,15.5,0.0,0.0
2026-06,CP,CP,77,77,77,1,1534.0,1534.0,0.0,1521.0,1324.0,1031.0,823.0,166.0,13.0,5.0,26.0,540.0,1134.0,828.0,155.0,701.0,127.0,102.0,201.0,253.0,28.0,281.0,57.0,224.0,200.0,24.0,9.0,38.0,25.0,13.0,326.0,256.0,70.0,220.99999999999997,225.59046475755196,227.233387400379,4461500.0,2577500.0,1635000.0,249000.0,968100.0,968100.0,831300.0,104100.0,32726840.0,52410280.0,85137120.0,497.0,163.0,717.0,158.0,690.0,219.0,77,0.0,0.125,0.25,0.375,1.0,77,2.0,10.0,13.0,21.0,62.0,77,0.0,1.0,2.0,4.0,14.0,77,0.0,0.125,0.25,0.375,1.0,77,2500.0,33000.0,50200.0,80500.0,360600.0,77,1.0,6.0,9.0,16.0,36.0,65,0.0,0.0,0.0,0.3333333333333333,1.0,0.3055555555555556,0.3393719806763285,0.20284697508896798,0.27053140096618356,0.2257495590828924,0.011734028683181226,0.00847457627118644,5429600.0,0.1691842900302115,0.27217496962332927,27.217496962332927,1.006075334143378,24239.285714285714,0.4125534109326654,15.680182702224842,6.027486371003389,0.9796513351639863,0.32796780684104626,0.2203626220362622,0.3173913043478261,17.194805194805195,2.909090909090909,70514.28571428571
2026-06,EP,EP,14,14,14,11,808.0,808.0,0.0,801.0,770.0,583.0,563.0,26.0,7.0,4.0,1.0,408.0,587.0,563.0,178.0,529.0,34.0,15.0,8.0,250.0,24.0,274.0,56.0,218.0,197.0,21.0,10.0,7.0,6.0,1.0,282.0,225.0,57.0,215.59999999999994,193.55844417959455,195.34583537653089,2711000.0,2332000.0,340000.0,39000.0,838400.0,838400.0,808800.0,25900.0,32211420.0,58731280.0,90942700.0,447.0,184.0,494.0,171.0,514.0,212.0,14,0.2222222222222222,0.3501552795031056,0.39473684210526316,0.45718943033630743,0.5416666666666666,14,24.0,34.25,52.5,69.75,111.0,14,9.0,12.25,14.5,16.75,29.0,14,0.2222222222222222,0.3501552795031056,0.39473684210526316,0.45718943033630743,0.5416666666666666,14,155900.0,187325.0,256300.0,284550.0,438800.0,14,24.0,31.0,37.0,46.75,63.0,14,0.04,0.12215909090909091,0.17857142857142855,0.2932692307692308,0.391304347826087,0.44404973357015987,0.4866785079928952,0.20437956204379562,0.3872113676731794,0.3833049403747871,0.013613861386138614,0.008663366336633664,3549400.0,0.2831168831168831,0.3872113676731794,38.72113676731794,1.0,16281.651376146789,0.6141883135177777,25.621992449428074,9.075173268721475,1.113875454588558,0.4116331096196868,0.34615384615384615,0.41245136186770426,55.0,15.571428571428571,253528.57142857142
2026-06,SE,SE(SE),15,15,15,15,919.0,919.0,0.0,918.0,912.0,906.0,863.0,0.0,1.0,2.0,4.0,474.0,911.0,866.0,6.0,856.0,10.0,45.0,0.0,345.0,69.0,414.0,75.0,339.0,278.0,61.0,6.0,18.0,15.0,3.0,432.0,354.0,78.0,342.6,286.27109282859595,283.6084469242487,0.0,0.0,0.0,0.0,1373500.0,0.0,0.0,0.0,50589500.0,97838560.0,148428060.0,705.0,303.0,787.0,287.0,804.0,325.0,15,0.3018867924528302,0.345141065830721,0.36363636363636365,0.45238095238095233,0.5384615384615384,15,54.0,58.0,62.0,63.5,65.0,15,16.0,19.0,21.0,28.0,30.0,15,0.3018867924528302,0.345141065830721,0.36363636363636365,0.45238095238095233,0.5384615384615384,15,0.0,0.0,0.0,0.0,0.0,15,51.0,54.5,58.0,60.5,65.0,15,0.047619047619047616,0.12337662337662338,0.16666666666666666,0.2546153846153846,0.3125,0.39838337182448036,0.4780600461893764,0.18115942028985507,0.39145496535796764,0.3885839736553238,0.003264417845484222,0.001088139281828074,0.0,0.3717105263157895,0.3928157589803013,39.28157589803013,1.0034762456546928,0.0,,,,1.1967677092885198,0.4297872340425532,0.3646759847522236,0.40422885572139305,60.8,22.6,0.0
2026-06,その他,その他_CMM(拠点),6,6,6,2,271.0,271.0,0.0,270.0,170.0,77.0,130.0,0.0,1.0,0.0,100.0,87.0,180.0,168.0,12.0,163.0,5.0,11.0,0.0,58.0,9.0,67.0,11.0,56.0,48.0,8.0,0.0,9.0,8.0,1.0,77.0,65.0,12.0,57.5,50.44555354046403,49.91923600922107,0.0,0.0,0.0,0.0,246800.0,0.0,0.0,0.0,8287920.0,14578000.0,22865920.0,125.0,47.0,152.0,47.0,165.0,56.0,6,0.21875,0.2626262626262626,0.32386363636363635,0.42375,0.48148148148148145,6,16.0,20.25,27.0,33.75,46.0,6,7.0,7.5,9.0,10.5,13.0,6,0.2916666666666667,0.34456521739130436,0.4891304347826087,0.53125,0.6363636363636364,6,0.0,0.0,0.0,0.0,0.0,6,24.0,25.5,27.0,30.75,33.0,6,0.0,0.13846153846153847,0.16783216783216784,0.2121212121212121,0.3,0.34523809523809523,0.39880952380952384,0.16417910447761194,0.3333333333333333,0.3611111111111111,0.0036900369003690036,0.0036900369003690036,0.0,0.32941176470588235,0.4307692307692308,43.07692307692308,1.2923076923076924,0.0,,,,1.1398427802735351,0.376,0.3092105263157895,0.3393939393939394,28.333333333333332,9.333333333333334,0.0
2026-06,その他,その他_generalist(社員),19,19,19,0,178.0,178.0,0.0,165.0,136.0,129.0,123.0,5.0,13.0,1.0,23.0,28.0,138.0,136.0,6.0,135.0,1.0,2.0,0.0,54.0,8.0,62.0,10.0,52.0,45.0,7.0,1.0,1.0,1.0,0.0,63.0,53.0,10.0,52.3,44.234627692088715,44.08537754385196,0.0,0.0,0.0,0.0,200300.0,0.0,0.0,0.0,7555640.0,11797000.0,19352640.0,81.0,36.0,111.0,39.0,124.0,52.0,19,0.0,0.19444444444444442,0.375,0.5,1.0,19,1.0,3.0,6.0,9.5,17.0,19,0.0,1.0,2.0,4.0,8.0,19,0.0,0.19444444444444442,0.42857142857142855,0.5,1.0,19,0.0,0.0,0.0,0.0,0.0,19,1.0,3.5,8.0,10.0,17.0,16,0.0,0.0,0.0,0.22916666666666666,0.5,0.39705882352941174,0.45588235294117646,0.16129032258064516,0.38235294117647056,0.38405797101449274,0.07865168539325842,0.07303370786516854,0.0,0.38235294117647056,0.42276422764227645,42.27642276422765,1.1056910569105691,0.0,,,,1.182331642170773,0.4444444444444444,0.35135135135135137,0.41935483870967744,7.157894736842105,2.736842105263158,0.0
2026-06,その他,その他_other,3,3,3,0,4.0,4.0,0.0,4.0,4.0,4.0,4.0,0.0,0.0,0.0,0.0,2.0,4.0,4.0,0.0,4.0,0.0,0.0,0.0,0.0,0.0,0.0,0.0,0.0,0.0,0.0,0.0,0.0,0.0,0.0,0.0,0.0,0.0,0.0,1.6431048596620181,1.6431048596620181,0.0,0.0,0.0,0.0,0.0,0.0,0.0,0.0,0.0,0.0,0.0,3.0,0.0,1.0,0.0,4.0,0.0,3,0.0,0.0,0.0,0.0,0.0,3,1.0,1.0,1.0,1.5,2.0,3,0.0,0.0,0.0,0.0,0.0,3,0.0,0.0,0.0,0.0,0.0,3,0.0,0.0,0.0,0.0,0.0,3,1.0,1.0,1.0,1.5,2.0,0,,,,,,0.0,0.0,,0.0,0.0,0.0,0.0,0.0,0.0,0.0,0.0,1.0,,,,,0.0,0.0,0.0,0.0,1.3333333333333333,0.0,0.0
2026-06,その他,その他_社員等(メタなし/未設定),3,3,2,0,35.0,35.0,0.0,34.0,34.0,4.0,4.0,0.0,1.0,0.0,0.0,28.0,4.0,4.0,0.0,4.0,0.0,0.0,0.0,2.0,0.0,2.0,0.0,2.0,2.0,0.0,0.0,0.0,0.0,0.0,2.0,2.0,0.0,2.0,0.9555702432990074,0.9555702432990074,0.0,0.0,0.0,0.0,8200.0,0.0,0.0,0.0,266000.0,0.0,266000.0,1.0,0.0,4.0,2.0,3.0,2.0,2,0.0,0.16666666666666666,0.3333333333333333,0.5,0.6666666666666666,2,2.0,2.25,2.5,2.75,3.0,2,0.0,0.5,1.0,1.5,2.0,2,0.0,0.16666666666666666,0.3333333333333333,0.5,0.6666666666666666,2,0.0,0.0,0.0,0.0,0.0,2,1.0,1.5,2.0,2.5,3.0,1,0.0,0.0,0.0,0.0,0.0,0.5,0.5,0.0,0.5,0.5,0.02857142857142857,0.02857142857142857,0.0,0.058823529411764705,0.5,50.0,1.0,0.0,,,,2.0929910846691993,0.0,0.5,0.6666666666666666,11.333333333333334,0.6666666666666666,0.0
2026-07,CP,CP,87,85,85,1,1875.0,1875.0,0.0,1867.0,1438.0,1124.0,959.0,372.0,8.0,12.0,45.0,661.0,1186.0,962.0,145.0,843.0,119.0,79.0,135.0,303.0,40.0,343.0,59.0,284.0,248.0,36.0,11.0,29.0,22.0,7.0,375.0,309.0,66.0,281.9,271.9858849211967,274.6905801135487,5038000.0,2810000.0,1670000.0,558000.0,1155000.0,1155000.0,1054800.0,86200.0,41292960.0,64268900.0,105561860.0,596.0,210.0,810.0,192.0,841.0,277.0,85,0.0,0.16666666666666666,0.2857142857142857,0.4,0.75,85,2.0,9.0,12.0,21.0,66.0,85,0.0,1.0,2.0,5.0,19.0,85,0.0,0.16666666666666666,0.3076923076923077,0.4,0.75,85,2500.0,33700.0,47000.0,89500.0,363500.0,85,1.0,6.0,9.0,16.0,55.0,80,0.0,0.0,0.05,0.2976190476190476,1.0,0.31496881496881496,0.35654885654885654,0.17201166180758018,0.29521829521829523,0.260539629005059,0.010666666666666666,0.004266666666666667,6193000.0,0.19749652294853964,0.2961418143899896,29.61418143899896,1.0031282586027113,21806.338028169015,0.4585822703051833,17.045351202971098,6.667682867753916,1.0364508440637488,0.3523489932885906,0.23703703703703705,0.32936979785969084,16.91764705882353,3.3411764705882354,72858.82352941176
2026-07,EP,EP,14,14,14,11,827.0,827.0,0.0,825.0,787.0,602.0,568.0,29.0,2.0,7.0,2.0,435.0,606.0,569.0,176.0,535.0,34.0,36.0,0.0,234.0,29.0,263.0,48.0,215.0,190.0,25.0,8.0,13.0,10.0,3.0,276.0,225.0,51.0,213.8,198.08647197120632,198.47372991339114,2797000.0,2408000.0,345500.0,43500.0,848700.0,848700.0,807100.0,41600.0,31790920.0,56066340.0,87857260.0,440.0,182.0,490.0,166.0,543.0,215.0,14,0.32,0.3387096774193548,0.3693957115009746,0.40139751552795033,0.5483870967741935,14,29.0,33.75,47.5,76.5,102.0,14,8.0,12.0,14.5,17.0,29.0,14,0.32,0.34480723839496463,0.3693957115009746,0.40139751552795033,0.5483870967741935,14,155700.0,196450.0,251650.0,290100.0,449300.0,14,25.0,31.0,40.0,45.0,76.0,14,0.0,0.09318181818181819,0.16904761904761906,0.2887700534759358,0.3225806451612903,0.4112478031634446,0.46221441124780316,0.18250950570342206,0.37785588752196836,0.3712871287128713,0.010882708585247884,0.0024183796856106408,3645700.0,0.2731893265565438,0.3785211267605634,37.852112676056336,1.0017605633802817,16956.74418604651,0.5897358531969169,24.098872644485283,8.7201141070302,1.0793266085887874,0.41363636363636364,0.33877551020408164,0.39594843462246776,56.214285714285715,15.357142857142858,260407.14285714287
2026-07,SE,SE(SE),15,15,15,15,875.0,875.0,0.0,870.0,863.0,852.0,801.0,2.0,5.0,1.0,4.0,463.0,853.0,803.0,9.0,786.0,17.0,50.0,0.0,319.0,52.0,371.0,57.0,314.0,267.0,47.0,6.0,22.0,18.0,4.0,393.0,332.0,61.0,316.40000000000003,269.75855726381974,267.0565014668389,0.0,0.0,0.0,0.0,1297200.0,0.0,0.0,0.0,46516760.0,87836840.0,134353600.0,674.0,278.0,739.0,274.0,765.0,312.0,15,0.2777777777777778,0.31203515889114264,0.37735849056603776,0.42997198879551823,0.5423728813559322,15,47.0,56.0,58.0,60.0,65.0,15,13.0,17.5,20.0,23.0,32.0,15,0.2830188679245283,0.31203515889114264,0.37735849056603776,0.42997198879551823,0.5423728813559322,15,0.0,0.0,0.0,0.0,0.0,15,42.0,52.0,54.0,56.0,59.0,15,0.047619047619047616,0.10912698412698413,0.13333333333333333,0.19785575048732942,0.3333333333333333,0.3972602739726027,0.46201743462017436,0.15363881401617252,0.39103362391033625,0.3892145369284877,0.006857142857142857,0.005714285714285714,0.0,0.3638470451911935,0.3920099875156055,39.20099875156055,1.0024968789013733,0.0,,,,1.1729006976062883,0.4124629080118694,0.37077131258457374,0.40784313725490196,57.53333333333333,20.933333333333334,0.0
2026-07,その他,その他_CMM(拠点),6,6,6,4,253.0,253.0,0.0,253.0,193.0,105.0,140.0,0.0,0.0,0.0,60.0,84.0,191.0,190.0,27.0,189.0,1.0,1.0,0.0,64.0,10.0,74.0,13.0,61.0,53.0,8.0,0.0,1.0,1.0,0.0,75.0,62.0,13.0,61.0,57.3069998061763,57.30699980617631,0.0,0.0,0.0,0.0,243900.0,0.0,0.0,0.0,8961240.0,15656780.0,24618020.0,152.0,50.0,178.0,56.0,190.0,61.0,6,0.16666666666666666,0.28436185133239833,0.3574193548387097,0.39,0.46875,6,20.0,21.75,27.0,39.0,56.0,6,6.0,8.25,10.0,11.75,15.0,6,0.17142857142857143,0.40458937198067635,0.49007936507936506,0.5464285714285715,0.75,6,0.0,0.0,0.0,0.0,0.0,6,20.0,26.5,31.5,35.0,46.0,6,0.08333333333333333,0.10277777777777777,0.1388888888888889,0.22916666666666666,0.3333333333333333,0.3368421052631579,0.3894736842105263,0.17567567567567569,0.32105263157894737,0.32460732984293195,0.0,0.0,0.0,0.3160621761658031,0.4357142857142857,43.57142857142857,1.3571428571428572,0.0,,,,1.0644423928370734,0.32894736842105265,0.3146067415730337,0.32105263157894737,32.166666666666664,10.166666666666666,0.0
2026-07,その他,その他_generalist(社員),19,17,17,0,177.0,177.0,0.0,143.0,109.0,93.0,91.0,8.0,34.0,0.0,26.0,16.0,110.0,106.0,11.0,104.0,2.0,4.0,0.0,32.0,3.0,35.0,8.0,27.0,25.0,2.0,0.0,2.0,2.0,0.0,37.0,29.0,8.0,27.6,29.358079073764383,29.259975061751902,0.0,0.0,0.0,0.0,114000.0,0.0,0.0,0.0,3905600.0,6212000.0,10117600.0,69.0,18.0,96.0,20.0,99.0,26.0,17,0.0,0.2,0.25,0.3333333333333333,1.0,17,1.0,2.0,5.0,7.0,24.0,17,0.0,1.0,1.0,2.0,6.0,17,0.0,0.2,0.2857142857142857,0.5,1.0,17,0.0,0.0,0.0,0.0,0.0,17,1.0,3.0,4.0,7.0,27.0,15,0.0,0.0,0.0,0.45,0.5,0.3018867924528302,0.330188679245283,0.22857142857142856,0.25471698113207547,0.2636363636363636,0.192090395480226,0.192090395480226,0.0,0.24770642201834864,0.2967032967032967,29.67032967032967,1.164835164835165,0.0,,,,0.940116004546923,0.2608695652173913,0.20833333333333334,0.26262626262626265,6.411764705882353,1.588235294117647,0.0
2026-07,その他,その他_社員等(メタなし/未設定),6,5,2,0,51.0,51.0,0.0,44.0,37.0,5.0,5.0,0.0,7.0,0.0,7.0,30.0,5.0,5.0,0.0,5.0,0.0,0.0,0.0,3.0,1.0,4.0,2.0,2.0,1.0,1.0,0.0,0.0,0.0,0.0,4.0,2.0,2.0,2.0,1.7266450971364975,1.7266450971364975,0.0,0.0,0.0,0.0,7500.0,0.0,0.0,0.0,295800.0,431000.0,726800.0,3.0,1.0,4.0,1.0,5.0,2.0,2,0.0,0.125,0.25,0.375,0.5,2,1.0,1.75,2.5,3.25,4.0,2,0.0,0.5,1.0,1.5,2.0,2,0.0,0.125,0.25,0.375,0.5,2,0.0,0.0,0.0,0.0,0.0,2,1.0,1.75,2.5,3.25,4.0,1,0.5,0.5,0.5,0.5,0.5,0.6,0.8,0.5,0.4,0.4,0.13725490196078433,0.13725490196078433,0.0,0.05405405405405406,0.4,40.0,1.0,0.0,,,,1.158315627986805,0.3333333333333333,0.25,0.4,7.4,0.4,0.0
2026-08,CP,CP,98,98,98,6,2200.0,2200.0,0.0,2193.0,1849.0,1492.0,1293.0,310.0,7.0,11.0,23.0,1015.0,1609.0,1299.0,167.0,1156.0,143.0,104.0,190.0,404.0,46.0,450.0,86.0,364.0,323.0,41.0,0.0,53.0,43.0,10.0,513.0,416.0,97.0,361.6,396.76158689702925,400.40971137282406,5990000.0,3730000.0,1795000.0,465000.0,1552200.0,1552200.0,1351000.0,169700.0,53638560.0,93440620.0,147079180.0,866.0,293.0,1086.0,261.0,1168.0,358.0,98,0.0,0.11458333333333333,0.25,0.3869047619047619,0.625,98,2.0,10.0,15.0,24.75,63.0,98,0.0,1.0,2.5,5.0,17.0,98,0.0,0.11458333333333333,0.25,0.3869047619047619,0.625,98,2500.0,36650.0,55250.0,100500.0,377000.0,98,1.0,7.0,10.0,18.0,41.0,89,0.0,0.0,0.09090909090909091,0.3333333333333333,1.0,0.31100846805234794,0.3464203233256351,0.19111111111111112,0.2802155504234026,0.25854568054692356,0.008181818181818182,0.003181818181818182,7542200.0,0.19686316928069228,0.2815158546017015,28.151585460170146,1.0046403712296983,20720.32967032967,0.48261780382381797,19.500832648298903,7.111792315239585,0.9113785506000744,0.33833718244803695,0.24033149171270718,0.3065068493150685,18.867346938775512,3.7142857142857144,76961.22448979592
2026-08,EP,EP,15,15,15,11,801.0,801.0,0.0,799.0,779.0,600.0,558.0,12.0,2.0,6.0,2.0,462.0,609.0,558.0,171.0,528.0,30.0,43.0,8.0,228.0,19.0,247.0,41.0,206.0,188.0,18.0,0.0,22.0,17.0,5.0,269.0,223.0,46.0,208.40000000000003,196.67561612054706,195.51995232701302,2720500.0,2400000.0,302500.0,18000.0,849300.0,849300.0,778400.0,70900.0,30545640.0,57139560.0,87685200.0,458.0,178.0,491.0,164.0,518.0,202.0,15,0.0,0.3129370629370629,0.3548387096774194,0.38656330749354006,0.5,15,1.0,35.5,48.0,74.0,107.0,15,0.0,11.0,14.0,17.0,29.0,15,0.0,0.3129370629370629,0.3548387096774194,0.38656330749354006,0.5,15,4000.0,199100.0,228100.0,299500.0,433400.0,15,1.0,29.5,41.0,45.5,72.0,14,0.04,0.10096153846153846,0.1834733893557423,0.226010101010101,1.0,0.40860215053763443,0.44265232974910396,0.1659919028340081,0.36917562724014336,0.36617405582922824,0.009987515605493134,0.0024968789013732834,3569800.0,0.2644415917843389,0.36917562724014336,36.91756272401434,1.0,17329.126213592233,0.5770631407922012,24.56305675387977,8.55668104655723,1.059612798529467,0.388646288209607,0.3340122199592668,0.38996138996138996,51.93333333333333,13.733333333333333,237986.66666666666
2026-08,SE,SE(SE),15,15,15,13,733.0,733.0,0.0,724.0,719.0,715.0,669.0,0.0,9.0,1.0,4.0,408.0,716.0,670.0,3.0,650.0,20.0,45.0,0.0,268.0,34.0,302.0,38.0,264.0,231.0,33.0,0.0,20.0,13.0,7.0,323.0,278.0,45.0,264.3,222.52345335506837,220.1727495416999,0.0,0.0,0.0,0.0,1098000.0,0.0,0.0,0.0,39071780.0,77064300.0,116136080.0,589.0,240.0,634.0,246.0,640.0,258.0,15,0.3181818181818182,0.34259259259259256,0.39285714285714285,0.4273170731707317,0.5333333333333333,15,20.0,45.0,51.0,55.0,60.0,15,6.0,14.5,19.0,21.0,24.0,15,0.3181818181818182,0.34259259259259256,0.39285714285714285,0.4273170731707317,0.5333333333333333,15,0.0,0.0,0.0,0.0,0.0,15,18.0,42.5,47.0,52.0,55.0,15,0.0,0.08166666666666667,0.09090909090909091,0.16312997347480107,0.2857142857142857,0.4,0.4507462686567164,0.12582781456953643,0.3940298507462687,0.388268156424581,0.013642564802182811,0.01227830832196453,0.0,0.3671766342141864,0.39461883408071746,39.46188340807175,1.0014947683109119,0.0,,,,1.1877399708437524,0.4074702886247878,0.38801261829652994,0.403125,47.93333333333333,17.6,0.0
2026-08,その他,その他_CMM(拠点),6,6,6,2,201.0,201.0,0.0,201.0,160.0,109.0,136.0,0.0,0.0,0.0,41.0,82.0,157.0,155.0,13.0,151.0,4.0,2.0,0.0,66.0,14.0,80.0,14.0,66.0,53.0,13.0,0.0,2.0,2.0,0.0,82.0,68.0,14.0,65.7,45.54120592476499,45.62405056805981,0.0,0.0,0.0,0.0,277000.0,0.0,0.0,0.0,9721200.0,17856000.0,27577200.0,119.0,56.0,140.0,56.0,155.0,66.0,6,0.2608695652173913,0.36292016806722693,0.400974025974026,0.4772727272727273,0.5428571428571428,6,10.0,18.75,31.5,33.75,38.0,6,6.0,6.75,10.0,14.0,19.0,6,0.39285714285714285,0.40714285714285714,0.4729064039408867,0.5611285266457681,0.6,6,0.0,0.0,0.0,0.0,0.0,6,17.0,22.25,25.5,29.5,35.0,6,0.0,0.11666666666666667,0.19047619047619047,0.24107142857142858,0.45454545454545453,0.4258064516129032,0.5161290322580645,0.175,0.4258064516129032,0.43312101910828027,0.0,0.0,0.0,0.4125,0.4852941176470588,48.529411764705884,1.1397058823529411,0.0,,,,1.4426495448657586,0.47058823529411764,0.4,0.4258064516129032,26.666666666666668,11.0,0.0
2026-08,その他,その他_generalist(社員),18,18,18,0,256.0,256.0,0.0,209.0,169.0,166.0,159.0,11.0,47.0,0.0,29.0,52.0,169.0,168.0,0.0,168.0,0.0,0.0,0.0,63.0,5.0,68.0,22.0,46.0,42.0,4.0,0.0,0.0,0.0,0.0,68.0,46.0,22.0,46.0,50.60121755603088,50.60121755603088,0.0,0.0,0.0,0.0,179100.0,0.0,0.0,0.0,6795320.0,12394000.0,19189320.0,113.0,36.0,150.0,39.0,151.0,44.0,18,0.0,0.07983193277310924,0.26969696969696966,0.3961538461538462,0.8,18,2.0,4.5,10.0,13.0,18.0,18,0.0,1.0,3.0,4.0,8.0,18,0.0,0.07983193277310924,0.2833333333333333,0.475,2.0,18,0.0,0.0,0.0,0.0,0.0,18,2.0,5.25,10.0,12.75,17.0,16,0.0,0.08333333333333333,0.25,0.4583333333333333,1.0,0.375,0.40476190476190477,0.3235294117647059,0.27380952380952384,0.27218934911242604,0.18359375,0.18359375,0.0,0.27218934911242604,0.2893081761006289,28.930817610062892,1.0566037735849056,0.0,,,,0.9090690347334837,0.3185840707964602,0.26,0.2913907284768212,9.38888888888889,2.5555555555555554,0.0
2026-08,その他,その他_社員等(メタなし/未設定),42,31,30,0,145.0,145.0,0.0,116.0,102.0,71.0,70.0,0.0,29.0,0.0,14.0,68.0,72.0,72.0,0.0,72.0,0.0,0.0,0.0,20.0,1.0,21.0,7.0,14.0,14.0,0.0,0.0,0.0,0.0,0.0,21.0,14.0,7.0,14.0,22.47590270312503,22.47590270312503,0.0,0.0,0.0,0.0,52100.0,0.0,0.0,0.0,2067440.0,3896000.0,5963440.0,45.0,9.0,62.0,9.0,72.0,14.0,30,0.0,0.0,0.0,0.2642857142857143,1.0,30,1.0,1.0,1.0,2.0,9.0,30,0.0,0.0,0.0,1.0,2.0,30,0.0,0.0,0.0,0.2642857142857143,1.0,30,0.0,0.0,0.0,0.0,0.0,30,1.0,1.0,1.0,2.0,9.0,15,0.0,0.0,0.0,0.5833333333333333,1.0,0.2777777777777778,0.2916666666666667,0.3333333333333333,0.19444444444444445,0.19444444444444445,0.2,0.2,0.0,0.13725490196078433,0.2,20.0,1.0285714285714285,0.0,,,,0.6228893310724936,0.2,0.14516129032258066,0.19444444444444445,3.2903225806451615,0.45161290322580644,0.0
2026-09,CP,CP,101,90,82,0,2308.0,703.0,1605.0,2308.0,576.0,476.0,416.0,57.0,0.0,1.0,69.0,267.0,528.0,420.0,66.0,390.0,30.0,13.0,75.0,106.0,12.0,118.0,13.0,105.0,96.0,9.0,0.0,2.0,2.0,0.0,123.0,110.0,13.0,102.9,112.11706269826944,113.69654568989034,1704000.0,1190000.0,428500.0,85500.0,424000.0,424000.0,408600.0,6700.0,15386760.0,25116280.0,40503040.0,268.0,80.0,372.0,84.0,351.0,98.0,82,0.0,0.0,0.23214285714285715,0.4861111111111111,1.0,82,1.0,3.0,6.0,8.75,27.0,82,0.0,0.0,1.0,2.0,4.0,82,0.0,0.0,0.23214285714285715,0.5,1.0,82,4000.0,10425.0,19250.0,29975.0,104500.0,82,1.0,2.0,4.0,7.0,19.0,58,0.0,0.0,0.0,0.0,1.0,0.2523809523809524,0.28095238095238095,0.11016949152542373,0.25,0.20833333333333334,0.001422475106685633,0.0,2128000.0,0.18229166666666666,0.25240384615384615,25.240384615384613,1.0096153846153846,20266.666666666668,0.4934210526315789,19.033383458646618,7.2306203007518794,0.9177907226924551,0.29850746268656714,0.22580645161290322,0.2792022792022792,6.4,1.1666666666666667,23644.444444444445
2026-09,EP,EP,14,14,14,0,676.0,205.0,471.0,676.0,184.0,139.0,126.0,2.0,0.0,2.0,17.0,94.0,139.0,127.0,36.0,124.0,3.0,6.0,0.0,53.0,2.0,55.0,5.0,50.0,48.0,2.0,0.0,3.0,1.0,2.0,58.0,51.0,7.0,50.0,43.99319848306478,43.82696201466024,686000.0,556000.0,127000.0,3000.0,196300.0,196300.0,191800.0,4500.0,7367100.0,13424000.0,20791100.0,108.0,41.0,118.0,43.0,118.0,50.0,14,0.0,0.28146853146853146,0.3693181818181818,0.48214285714285715,0.5833333333333334,14,1.0,7.5,13.5,19.75,23.0,14,0.0,3.0,3.5,5.5,7.0,14,0.0,0.28146853146853146,0.3693181818181818,0.48214285714285715,0.5833333333333334,14,4000.0,42200.0,69550.0,83700.0,144800.0,14,1.0,6.25,11.0,12.0,15.0,12,0.0,0.0,0.0,0.15714285714285714,0.25,0.41732283464566927,0.4330708661417323,0.09090909090909091,0.3937007874015748,0.3669064748201439,0.00975609756097561,0.0,882300.0,0.2717391304347826,0.3968253968253968,39.682539682539684,1.007936507936508,17646.0,0.566700668706789,23.564660546299443,8.349880992859571,1.136539322532949,0.37962962962962965,0.3644067796610169,0.423728813559322,13.142857142857142,3.5714285714285716,63021.42857142857
2026-09,SE,SE(SE),14,14,14,0,725.0,232.0,493.0,721.0,214.0,212.0,195.0,0.0,4.0,0.0,14.0,89.0,212.0,195.0,2.0,195.0,0.0,11.0,0.0,61.0,7.0,68.0,7.0,61.0,54.0,7.0,0.0,4.0,4.0,0.0,72.0,65.0,7.0,62.2,63.33086299449206,62.23658994399011,0.0,0.0,0.0,0.0,251900.0,0.0,0.0,0.0,8982800.0,18796000.0,27778800.0,168.0,57.0,183.0,55.0,181.0,60.0,14,0.13333333333333333,0.23557692307692307,0.32291666666666663,0.362012987012987,0.5714285714285714,14,9.0,14.25,16.0,16.0,19.0,14,2.0,3.0,3.5,5.0,8.0,14,0.13333333333333333,0.23557692307692307,0.32291666666666663,0.362012987012987,0.5714285714285714,14,0.0,0.0,0.0,0.0,0.0,14,9.0,12.25,14.0,15.75,18.0,14,0.0,0.0,0.0,0.15277777777777776,0.4,0.3128205128205128,0.3487179487179487,0.10294117647058823,0.3128205128205128,0.30660377358490565,0.017241379310344827,0.017241379310344827,0.0,0.2850467289719626,0.3128205128205128,31.28205128205128,1.0,0.0,,,,0.9821435720117945,0.3392857142857143,0.3005464480874317,0.3314917127071823,15.285714285714286,4.357142857142857,0.0
2026-09,その他,その他_CMM(拠点),4,4,4,0,34.0,24.0,10.0,34.0,21.0,17.0,19.0,0.0,0.0,0.0,3.0,11.0,24.0,21.0,0.0,20.0,1.0,3.0,0.0,8.0,2.0,10.0,0.0,10.0,8.0,2.0,0.0,2.0,2.0,0.0,12.0,12.0,0.0,10.6,6.5573763363063335,6.348471280187368,0.0,0.0,0.0,0.0,48200.0,0.0,0.0,0.0,1479800.0,2960000.0,4439800.0,17.0,9.0,19.0,9.0,21.0,10.0,4,0.0,0.30000000000000004,0.5333333333333333,0.7,0.8,4,4.0,4.75,5.5,6.0,6.0,4,0.0,1.5,3.0,4.0,4.0,4,0.0,0.30000000000000004,0.6000000000000001,0.8,0.8,4,0.0,0.0,0.0,0.0,0.0,4,5.0,5.0,5.0,5.25,6.0,3,0.0,0.0,0.0,0.0,0.0,0.38095238095238093,0.47619047619047616,0.0,0.47619047619047616,0.5,0.0,0.0,0.0,0.47619047619047616,0.5263157894736842,52.63157894736842,1.105263157894737,0.0,,,,1.6165001757350428,0.5294117647058824,0.47368421052631576,0.47619047619047616,5.25,2.5,0.0
2026-09,その他,その他_generalist(社員),14,12,10,0,45.0,39.0,6.0,37.0,25.0,25.0,21.0,0.0,8.0,0.0,6.0,0.0,24.0,23.0,0.0,23.0,0.0,1.0,0.0,6.0,1.0,7.0,1.0,6.0,6.0,0.0,0.0,1.0,1.0,0.0,8.0,7.0,1.0,6.3,7.535401692986488,7.425333276391029,0.0,0.0,0.0,0.0,26100.0,0.0,0.0,0.0,587640.0,1610000.0,2197640.0,15.0,5.0,19.0,4.0,22.0,6.0,10,0.0,0.0,0.16666666666666666,0.5,1.0,10,1.0,1.25,2.0,2.75,5.0,10,0.0,0.0,0.5,1.0,2.0,10,0.0,0.0,0.16666666666666666,0.5,1.0,10,0.0,0.0,0.0,0.0,0.0,10,1.0,1.25,2.0,3.0,4.0,6,0.0,0.0,0.0,0.0,1.0,0.2608695652173913,0.30434782608695654,0.14285714285714285,0.2608695652173913,0.2916666666666667,0.20512820512820512,0.20512820512820512,0.0,0.24,0.2857142857142857,28.57142857142857,1.0952380952380953,0.0,,,,0.8360536381044785,0.3333333333333333,0.21052631578947367,0.2727272727272727,2.0833333333333335,0.5,0.0
2026-09,その他,その他_社員等(メタなし/未設定),3,2,1,0,51.0,10.0,41.0,51.0,9.0,1.0,1.0,0.0,0.0,0.0,1.0,8.0,1.0,1.0,0.0,1.0,0.0,0.0,0.0,1.0,0.0,1.0,0.0,1.0,1.0,0.0,0.0,0.0,0.0,0.0,1.0,1.0,0.0,1.0,0.5597044229507446,0.5597044229507446,0.0,0.0,0.0,0.0,3000.0,0.0,0.0,0.0,148000.0,322000.0,470000.0,0.0,0.0,0.0,0.0,1.0,1.0,1,1.0,1.0,1.0,1.0,1.0,1,1.0,1.0,1.0,1.0,1.0,1,1.0,1.0,1.0,1.0,1.0,1,1.0,1.0,1.0,1.0,1.0,1,0.0,0.0,0.0,0.0,0.0,1,1.0,1.0,1.0,1.0,1.0,1,0.0,0.0,0.0,0.0,0.0,1.0,1.0,0.0,1.0,1.0,0.0,0.0,0.0,0.1111111111111111,1.0,100.0,1.0,0.0,,,,1.7866573123150082,,,1.0,4.5,0.5,0.0
